Campaign,Campaign Type,Campaign Status,Budget,Bid Strategy Type,Networks,Anúncios políticos da UE,Ad Group,Ad Group Status,Keyword,Criterion Type,Ad type,Final URL,Path 1,Path 2,Status,Headline 1,Headline 2,Headline 3,Headline 4,Headline 5,Headline 6,Headline 7,Headline 8,Headline 9,Headline 10,Headline 11,Headline 12,Headline 13,Headline 14,Headline 15,Description 1,Description 2,Description 3,Description 4
Kyro | Braga | Limpeza e Proteção de Sofás | Out 2026,Search,Paused,"15,00",Maximize clicks,Google search,Não,,,,,,,,,,,,,,,,,,,,,,,,,,,,
Kyro | Braga | Limpeza e Proteção de Sofás | Out 2026,,,,,,,Limpeza de Sofás | Braga,Enabled,,,,,,,,,,,,,,,,,,,,,,,,,,
Kyro | Braga | Limpeza e Proteção de Sofás | Out 2026,,,,,,,Limpeza de Sofás | Braga,,limpeza de sofás braga,Expressão,,,,,Enabled,,,,,,,,,,,,,,,,,,,
Kyro | Braga | Limpeza e Proteção de Sofás | Out 2026,,,,,,,Limpeza de Sofás | Braga,,limpeza de sofá braga,Expressão,,,,,Enabled,,,,,,,,,,,,,,,,,,,
Kyro | Braga | Limpeza e Proteção de Sofás | Out 2026,,,,,,,Limpeza de Sofás | Braga,,higienização de sofás braga,Expressão,,,,,Enabled,,,,,,,,,,,,,,,,,,,
Kyro | Braga | Limpeza e Proteção de Sofás | Out 2026,,,,,,,Limpeza de Sofás | Braga,,lavagem de sofás braga,Expressão,,,,,Enabled,,,,,,,,,,,,,,,,,,,
Kyro | Braga | Limpeza e Proteção de Sofás | Out 2026,,,,,,,Limpeza de Sofás | Braga,,limpar sofá braga,Expressão,,,,,Enabled,,,,,,,,,,,,,,,,,,,
Kyro | Braga | Limpeza e Proteção de Sofás | Out 2026,,,,,,,Limpeza de Sofás | Braga,,limpeza de estofos braga,Expressão,,,,,Enabled,,,,,,,,,,,,,,,,,,,
Kyro | Braga | Limpeza e Proteção de Sofás | Out 2026,,,,,,,Limpeza de Sofás | Braga,,limpeza de sofás ao domicílio,Expressão,,,,,Enabled,,,,,,,,,,,,,,,,,,,
Kyro | Braga | Limpeza e Proteção de Sofás | Out 2026,,,,,,,Limpeza de Sofás | Braga,,empresa de limpeza de sofás,Expressão,,,,,Enabled,,,,,,,,,,,,,,,,,,,
Kyro | Braga | Limpeza e Proteção de Sofás | Out 2026,,,,,,,Limpeza de Sofás | Braga,,preço limpeza sofá,Expressão,,,,,Enabled,,,,,,,,,,,,,,,,,,,
Kyro | Braga | Limpeza e Proteção de Sofás | Out 2026,,,,,,,Limpeza de Sofás | Braga,,quanto custa limpar um sofá,Expressão,,,,,Enabled,,,,,,,,,,,,,,,,,,,
Kyro | Braga | Limpeza e Proteção de Sofás | Out 2026,,,,,,,Limpeza de Sofás | Braga,,limpeza de sofás preço,Expressão,,,,,Enabled,,,,,,,,,,,,,,,,,,,
Kyro | Braga | Limpeza e Proteção de Sofás | Out 2026,,,,,,,Limpeza de Sofás | Braga,,higienização de estofos,Expressão,,,,,Enabled,,,,,,,,,,,,,,,,,,,
Kyro | Braga | Limpeza e Proteção de Sofás | Out 2026,,,,,,,Limpeza de Sofás | Braga,,limpeza de sofás,Expressão,,,,,Enabled,,,,,,,,,,,,,,,,,,,
Kyro | Braga | Limpeza e Proteção de Sofás | Out 2026,,,,,,,Limpeza de Sofás | Braga,,limpeza sofá,Expressão,,,,,Enabled,,,,,,,,,,,,,,,,,,,
Kyro | Braga | Limpeza e Proteção de Sofás | Out 2026,,,,,,,Limpeza de Sofás | Braga,,higienização de sofás,Expressão,,,,,Enabled,,,,,,,,,,,,,,,,,,,
Kyro | Braga | Limpeza e Proteção de Sofás | Out 2026,,,,,,,Limpeza de Sofás | Braga,,higienização sofá,Expressão,,,,,Enabled,,,,,,,,,,,,,,,,,,,
Kyro | Braga | Limpeza e Proteção de Sofás | Out 2026,,,,,,,Limpeza de Sofás | Braga,,lavagem de sofás,Expressão,,,,,Enabled,,,,,,,,,,,,,,,,,,,
Kyro | Braga | Limpeza e Proteção de Sofás | Out 2026,,,,,,,Limpeza de Sofás | Braga,,,,Responsive search ad,https://cleansolutions.com.pt/limpeza-sofas-braga?ads=1,limpeza-sofas,braga,Enabled,Limpeza de Sofás Braga,Higienização de Sofás Braga,Sofás Limpos em Braga,+160 Avaliações de Clientes,"Avaliação Média de 4,9",+1100 Clientes Servidos,Resposta em 5 Minutos,Orçamento Grátis no WhatsApp,Preço Fechado Antes de Marcar,Garantia de Repetição,Limpeza de Sofás ao Domicílio,Secagem Média de 2 a 5 Horas,"Manchas, Pelos e Odores",Limpeza de Estofos Braga,Equipa Própria no Norte,Higienização profissional de sofás ao domicílio. Secagem média de 2 a 5 horas.,"Avaliação média de 4,9 em mais de 160 avaliações e mais de 1100 clientes servidos.","Preço fechado antes da marcação, sem surpresas. Orçamento grátis pelo WhatsApp.","Se não ficar satisfeito, avise em 48 horas e repetimos a limpeza sem custos."
Kyro | Braga | Limpeza e Proteção de Sofás | Out 2026,,,,,,,Impermeabilização | Braga,Enabled,,,,,,,,,,,,,,,,,,,,,,,,,,
Kyro | Braga | Limpeza e Proteção de Sofás | Out 2026,,,,,,,Impermeabilização | Braga,,impermeabilização de sofás braga,Expressão,,,,,Enabled,,,,,,,,,,,,,,,,,,,
Kyro | Braga | Limpeza e Proteção de Sofás | Out 2026,,,,,,,Impermeabilização | Braga,,impermeabilizar sofá braga,Expressão,,,,,Enabled,,,,,,,,,,,,,,,,,,,
Kyro | Braga | Limpeza e Proteção de Sofás | Out 2026,,,,,,,Impermeabilização | Braga,,impermeabilização de estofos braga,Expressão,,,,,Enabled,,,,,,,,,,,,,,,,,,,
Kyro | Braga | Limpeza e Proteção de Sofás | Out 2026,,,,,,,Impermeabilização | Braga,,limpeza e impermeabilização de sofás,Expressão,,,,,Enabled,,,,,,,,,,,,,,,,,,,
Kyro | Braga | Limpeza e Proteção de Sofás | Out 2026,,,,,,,Impermeabilização | Braga,,impermeabilização de sofás preço,Expressão,,,,,Enabled,,,,,,,,,,,,,,,,,,,
Kyro | Braga | Limpeza e Proteção de Sofás | Out 2026,,,,,,,Impermeabilização | Braga,,quanto custa impermeabilizar um sofá,Expressão,,,,,Enabled,,,,,,,,,,,,,,,,,,,
Kyro | Braga | Limpeza e Proteção de Sofás | Out 2026,,,,,,,Impermeabilização | Braga,,impermeabilização de sofás,Expressão,,,,,Enabled,,,,,,,,,,,,,,,,,,,
Kyro | Braga | Limpeza e Proteção de Sofás | Out 2026,,,,,,,Impermeabilização | Braga,,impermeabilização sofá,Expressão,,,,,Enabled,,,,,,,,,,,,,,,,,,,
Kyro | Braga | Limpeza e Proteção de Sofás | Out 2026,,,,,,,Impermeabilização | Braga,,impermeabilizar sofá,Expressão,,,,,Enabled,,,,,,,,,,,,,,,,,,,
Kyro | Braga | Limpeza e Proteção de Sofás | Out 2026,,,,,,,Impermeabilização | Braga,,impermeabilização de estofos,Expressão,,,,,Enabled,,,,,,,,,,,,,,,,,,,
Kyro | Braga | Limpeza e Proteção de Sofás | Out 2026,,,,,,,Impermeabilização | Braga,,,,Responsive search ad,https://cleansolutions.com.pt/impermeabilizacao-braga?ads=1,protecao-sofas,braga,Enabled,Impermeabilização de Sofás,Impermeabilizar Sofá Braga,Proteção de Sofás Braga,"Vinho, Café e Sumo no Sofá",Derrames Ficam à Superfície,Impermeabilização de Estofos,Proteja Antes da Próxima Nódoa,Crianças e Animais em Casa?,Premium: Até 10 Anos,Resiste a Até 5 Lavagens,Impermeabilização Desde 59€,Limpeza + Proteção Desde 89€,"Avaliação Média de 4,9",+160 Avaliações de Clientes,Aplicação ao Domicílio,"Com a proteção, vinho, café ou sumo ficam à superfície e limpam-se com mais facilidade.","Impermeabilização de sofás ao domicílio. Essencial desde 59€, Premium desde 89€.","A Premium protege até 10 anos e resiste a até 5 lavagens. A Essencial, 1 a 2 anos.","Limpeza e proteção na mesma visita, em pack desde 89€. Avaliação média de 4,9."
Kyro | Braga | Limpeza e Proteção de Sofás | Out 2026,,,,,,,Limpeza de Sofás | Guimarães,Enabled,,,,,,,,,,,,,,,,,,,,,,,,,,
Kyro | Braga | Limpeza e Proteção de Sofás | Out 2026,,,,,,,Limpeza de Sofás | Guimarães,,limpeza de sofás guimarães,Expressão,,,,,Enabled,,,,,,,,,,,,,,,,,,,
Kyro | Braga | Limpeza e Proteção de Sofás | Out 2026,,,,,,,Limpeza de Sofás | Guimarães,,limpeza de sofá guimarães,Expressão,,,,,Enabled,,,,,,,,,,,,,,,,,,,
Kyro | Braga | Limpeza e Proteção de Sofás | Out 2026,,,,,,,Limpeza de Sofás | Guimarães,,higienização de sofás guimarães,Expressão,,,,,Enabled,,,,,,,,,,,,,,,,,,,
Kyro | Braga | Limpeza e Proteção de Sofás | Out 2026,,,,,,,Limpeza de Sofás | Guimarães,,lavagem de sofás guimarães,Expressão,,,,,Enabled,,,,,,,,,,,,,,,,,,,
Kyro | Braga | Limpeza e Proteção de Sofás | Out 2026,,,,,,,Limpeza de Sofás | Guimarães,,limpar sofá guimarães,Expressão,,,,,Enabled,,,,,,,,,,,,,,,,,,,
Kyro | Braga | Limpeza e Proteção de Sofás | Out 2026,,,,,,,Limpeza de Sofás | Guimarães,,limpeza de estofos guimarães,Expressão,,,,,Enabled,,,,,,,,,,,,,,,,,,,
Kyro | Braga | Limpeza e Proteção de Sofás | Out 2026,,,,,,,Limpeza de Sofás | Guimarães,,limpeza de sofás guimaraes,Expressão,,,,,Enabled,,,,,,,,,,,,,,,,,,,
Kyro | Braga | Limpeza e Proteção de Sofás | Out 2026,,,,,,,Limpeza de Sofás | Guimarães,,limpeza de sofá guimaraes,Expressão,,,,,Enabled,,,,,,,,,,,,,,,,,,,
Kyro | Braga | Limpeza e Proteção de Sofás | Out 2026,,,,,,,Limpeza de Sofás | Guimarães,,higienização de sofás guimaraes,Expressão,,,,,Enabled,,,,,,,,,,,,,,,,,,,
Kyro | Braga | Limpeza e Proteção de Sofás | Out 2026,,,,,,,Limpeza de Sofás | Guimarães,,lavagem de sofás guimaraes,Expressão,,,,,Enabled,,,,,,,,,,,,,,,,,,,
Kyro | Braga | Limpeza e Proteção de Sofás | Out 2026,,,,,,,Limpeza de Sofás | Guimarães,,limpar sofá guimaraes,Expressão,,,,,Enabled,,,,,,,,,,,,,,,,,,,
Kyro | Braga | Limpeza e Proteção de Sofás | Out 2026,,,,,,,Limpeza de Sofás | Guimarães,,limpeza de estofos guimaraes,Expressão,,,,,Enabled,,,,,,,,,,,,,,,,,,,
Kyro | Braga | Limpeza e Proteção de Sofás | Out 2026,,,,,,,Limpeza de Sofás | Guimarães,,,,Responsive search ad,https://cleansolutions.com.pt/limpeza-sofas-guimaraes?ads=1,limpeza-sofas,guimaraes,Enabled,Limpeza de Sofás Guimarães,Sofás Limpos em Guimarães,+160 Avaliações de Clientes,"Avaliação Média de 4,9",+1100 Clientes Servidos,Resposta em 5 Minutos,Orçamento Grátis no WhatsApp,Preço Fechado Antes de Marcar,Garantia de Repetição,Limpeza de Sofás ao Domicílio,Secagem Média de 2 a 5 Horas,"Manchas, Pelos e Odores",Limpeza de Estofos Guimarães,Equipa Própria no Norte,Limpe e Proteja no Mesmo Dia,Higienização profissional de sofás ao domicílio. Secagem média de 2 a 5 horas.,"Avaliação média de 4,9 em mais de 160 avaliações e mais de 1100 clientes servidos.","Preço fechado antes da marcação, sem surpresas. Orçamento grátis pelo WhatsApp.","Se não ficar satisfeito, avise em 48 horas e repetimos a limpeza sem custos."
Kyro | Braga | Limpeza e Proteção de Sofás | Out 2026,,,,,,,Impermeabilização | Guimarães,Enabled,,,,,,,,,,,,,,,,,,,,,,,,,,
Kyro | Braga | Limpeza e Proteção de Sofás | Out 2026,,,,,,,Impermeabilização | Guimarães,,impermeabilização de sofás guimarães,Expressão,,,,,Enabled,,,,,,,,,,,,,,,,,,,
Kyro | Braga | Limpeza e Proteção de Sofás | Out 2026,,,,,,,Impermeabilização | Guimarães,,impermeabilizar sofá guimarães,Expressão,,,,,Enabled,,,,,,,,,,,,,,,,,,,
Kyro | Braga | Limpeza e Proteção de Sofás | Out 2026,,,,,,,Impermeabilização | Guimarães,,impermeabilização de estofos guimarães,Expressão,,,,,Enabled,,,,,,,,,,,,,,,,,,,
Kyro | Braga | Limpeza e Proteção de Sofás | Out 2026,,,,,,,Impermeabilização | Guimarães,,impermeabilização de sofás guimaraes,Expressão,,,,,Enabled,,,,,,,,,,,,,,,,,,,
Kyro | Braga | Limpeza e Proteção de Sofás | Out 2026,,,,,,,Impermeabilização | Guimarães,,impermeabilizar sofá guimaraes,Expressão,,,,,Enabled,,,,,,,,,,,,,,,,,,,
Kyro | Braga | Limpeza e Proteção de Sofás | Out 2026,,,,,,,Impermeabilização | Guimarães,,impermeabilização de estofos guimaraes,Expressão,,,,,Enabled,,,,,,,,,,,,,,,,,,,
Kyro | Braga | Limpeza e Proteção de Sofás | Out 2026,,,,,,,Impermeabilização | Guimarães,,,,Responsive search ad,https://cleansolutions.com.pt/impermeabilizacao-guimaraes?ads=1,protecao-sofas,guimaraes,Enabled,Impermeabilização de Sofás,Impermeabilizar Sofá Guimarães,Proteção de Sofás Guimarães,"Vinho, Café e Sumo no Sofá",Derrames Ficam à Superfície,Impermeabilização de Estofos,Proteja Antes da Próxima Nódoa,Crianças e Animais em Casa?,Premium: Até 10 Anos,Resiste a Até 5 Lavagens,Impermeabilização Desde 59€,Limpeza + Proteção Desde 89€,"Avaliação Média de 4,9",+160 Avaliações de Clientes,Aplicação ao Domicílio,"Com a proteção, vinho, café ou sumo ficam à superfície e limpam-se com mais facilidade.","Impermeabilização de sofás ao domicílio. Essencial desde 59€, Premium desde 89€.","A Premium protege até 10 anos e resiste a até 5 lavagens. A Essencial, 1 a 2 anos.","Limpeza e proteção na mesma visita, em pack desde 89€. Avaliação média de 4,9."
Kyro | Braga | Limpeza e Proteção de Sofás | Out 2026,,,,,,,Limpeza de Sofás | Famalicão,Enabled,,,,,,,,,,,,,,,,,,,,,,,,,,
Kyro | Braga | Limpeza e Proteção de Sofás | Out 2026,,,,,,,Limpeza de Sofás | Famalicão,,limpeza de sofás famalicão,Expressão,,,,,Enabled,,,,,,,,,,,,,,,,,,,
Kyro | Braga | Limpeza e Proteção de Sofás | Out 2026,,,,,,,Limpeza de Sofás | Famalicão,,limpeza de sofá famalicão,Expressão,,,,,Enabled,,,,,,,,,,,,,,,,,,,
Kyro | Braga | Limpeza e Proteção de Sofás | Out 2026,,,,,,,Limpeza de Sofás | Famalicão,,higienização de sofás famalicão,Expressão,,,,,Enabled,,,,,,,,,,,,,,,,,,,
Kyro | Braga | Limpeza e Proteção de Sofás | Out 2026,,,,,,,Limpeza de Sofás | Famalicão,,lavagem de sofás famalicão,Expressão,,,,,Enabled,,,,,,,,,,,,,,,,,,,
Kyro | Braga | Limpeza e Proteção de Sofás | Out 2026,,,,,,,Limpeza de Sofás | Famalicão,,limpar sofá famalicão,Expressão,,,,,Enabled,,,,,,,,,,,,,,,,,,,
Kyro | Braga | Limpeza e Proteção de Sofás | Out 2026,,,,,,,Limpeza de Sofás | Famalicão,,limpeza de estofos famalicão,Expressão,,,,,Enabled,,,,,,,,,,,,,,,,,,,
Kyro | Braga | Limpeza e Proteção de Sofás | Out 2026,,,,,,,Limpeza de Sofás | Famalicão,,limpeza de sofás famalicao,Expressão,,,,,Enabled,,,,,,,,,,,,,,,,,,,
Kyro | Braga | Limpeza e Proteção de Sofás | Out 2026,,,,,,,Limpeza de Sofás | Famalicão,,limpeza de sofá famalicao,Expressão,,,,,Enabled,,,,,,,,,,,,,,,,,,,
Kyro | Braga | Limpeza e Proteção de Sofás | Out 2026,,,,,,,Limpeza de Sofás | Famalicão,,higienização de sofás famalicao,Expressão,,,,,Enabled,,,,,,,,,,,,,,,,,,,
Kyro | Braga | Limpeza e Proteção de Sofás | Out 2026,,,,,,,Limpeza de Sofás | Famalicão,,lavagem de sofás famalicao,Expressão,,,,,Enabled,,,,,,,,,,,,,,,,,,,
Kyro | Braga | Limpeza e Proteção de Sofás | Out 2026,,,,,,,Limpeza de Sofás | Famalicão,,limpar sofá famalicao,Expressão,,,,,Enabled,,,,,,,,,,,,,,,,,,,
Kyro | Braga | Limpeza e Proteção de Sofás | Out 2026,,,,,,,Limpeza de Sofás | Famalicão,,limpeza de estofos famalicao,Expressão,,,,,Enabled,,,,,,,,,,,,,,,,,,,
Kyro | Braga | Limpeza e Proteção de Sofás | Out 2026,,,,,,,Limpeza de Sofás | Famalicão,,limpeza de sofás vila nova de famalicão,Expressão,,,,,Enabled,,,,,,,,,,,,,,,,,,,
Kyro | Braga | Limpeza e Proteção de Sofás | Out 2026,,,,,,,Limpeza de Sofás | Famalicão,,limpeza de sofá vila nova de famalicão,Expressão,,,,,Enabled,,,,,,,,,,,,,,,,,,,
Kyro | Braga | Limpeza e Proteção de Sofás | Out 2026,,,,,,,Limpeza de Sofás | Famalicão,,higienização de sofás vila nova de famalicão,Expressão,,,,,Enabled,,,,,,,,,,,,,,,,,,,
Kyro | Braga | Limpeza e Proteção de Sofás | Out 2026,,,,,,,Limpeza de Sofás | Famalicão,,lavagem de sofás vila nova de famalicão,Expressão,,,,,Enabled,,,,,,,,,,,,,,,,,,,
Kyro | Braga | Limpeza e Proteção de Sofás | Out 2026,,,,,,,Limpeza de Sofás | Famalicão,,limpar sofá vila nova de famalicão,Expressão,,,,,Enabled,,,,,,,,,,,,,,,,,,,
Kyro | Braga | Limpeza e Proteção de Sofás | Out 2026,,,,,,,Limpeza de Sofás | Famalicão,,limpeza de estofos vila nova de famalicão,Expressão,,,,,Enabled,,,,,,,,,,,,,,,,,,,
Kyro | Braga | Limpeza e Proteção de Sofás | Out 2026,,,,,,,Limpeza de Sofás | Famalicão,,,,Responsive search ad,https://cleansolutions.com.pt/limpeza-sofas-vila-nova-de-famalicao?ads=1,limpeza-sofas,famalicao,Enabled,Limpeza de Sofás Famalicão,Sofás Limpos em Famalicão,+160 Avaliações de Clientes,"Avaliação Média de 4,9",+1100 Clientes Servidos,Resposta em 5 Minutos,Orçamento Grátis no WhatsApp,Preço Fechado Antes de Marcar,Garantia de Repetição,Limpeza de Sofás ao Domicílio,Secagem Média de 2 a 5 Horas,"Manchas, Pelos e Odores",Limpeza de Estofos Famalicão,Equipa Própria no Norte,Limpe e Proteja no Mesmo Dia,Higienização profissional de sofás ao domicílio. Secagem média de 2 a 5 horas.,"Avaliação média de 4,9 em mais de 160 avaliações e mais de 1100 clientes servidos.","Preço fechado antes da marcação, sem surpresas. Orçamento grátis pelo WhatsApp.","Se não ficar satisfeito, avise em 48 horas e repetimos a limpeza sem custos."
Kyro | Braga | Limpeza e Proteção de Sofás | Out 2026,,,,,,,Impermeabilização | Famalicão,Enabled,,,,,,,,,,,,,,,,,,,,,,,,,,
Kyro | Braga | Limpeza e Proteção de Sofás | Out 2026,,,,,,,Impermeabilização | Famalicão,,impermeabilização de sofás famalicão,Expressão,,,,,Enabled,,,,,,,,,,,,,,,,,,,
Kyro | Braga | Limpeza e Proteção de Sofás | Out 2026,,,,,,,Impermeabilização | Famalicão,,impermeabilizar sofá famalicão,Expressão,,,,,Enabled,,,,,,,,,,,,,,,,,,,
Kyro | Braga | Limpeza e Proteção de Sofás | Out 2026,,,,,,,Impermeabilização | Famalicão,,impermeabilização de estofos famalicão,Expressão,,,,,Enabled,,,,,,,,,,,,,,,,,,,
Kyro | Braga | Limpeza e Proteção de Sofás | Out 2026,,,,,,,Impermeabilização | Famalicão,,impermeabilização de sofás famalicao,Expressão,,,,,Enabled,,,,,,,,,,,,,,,,,,,
Kyro | Braga | Limpeza e Proteção de Sofás | Out 2026,,,,,,,Impermeabilização | Famalicão,,impermeabilizar sofá famalicao,Expressão,,,,,Enabled,,,,,,,,,,,,,,,,,,,
Kyro | Braga | Limpeza e Proteção de Sofás | Out 2026,,,,,,,Impermeabilização | Famalicão,,impermeabilização de estofos famalicao,Expressão,,,,,Enabled,,,,,,,,,,,,,,,,,,,
Kyro | Braga | Limpeza e Proteção de Sofás | Out 2026,,,,,,,Impermeabilização | Famalicão,,impermeabilização de sofás vila nova de famalicão,Expressão,,,,,Enabled,,,,,,,,,,,,,,,,,,,
Kyro | Braga | Limpeza e Proteção de Sofás | Out 2026,,,,,,,Impermeabilização | Famalicão,,impermeabilizar sofá vila nova de famalicão,Expressão,,,,,Enabled,,,,,,,,,,,,,,,,,,,
Kyro | Braga | Limpeza e Proteção de Sofás | Out 2026,,,,,,,Impermeabilização | Famalicão,,impermeabilização de estofos vila nova de famalicão,Expressão,,,,,Enabled,,,,,,,,,,,,,,,,,,,
Kyro | Braga | Limpeza e Proteção de Sofás | Out 2026,,,,,,,Impermeabilização | Famalicão,,,,Responsive search ad,https://cleansolutions.com.pt/impermeabilizacao-vila-nova-de-famalicao?ads=1,protecao-sofas,famalicao,Enabled,Impermeabilização de Sofás,Impermeabilizar Sofá Famalicão,Proteção de Sofás Famalicão,"Vinho, Café e Sumo no Sofá",Derrames Ficam à Superfície,Impermeabilização de Estofos,Proteja Antes da Próxima Nódoa,Crianças e Animais em Casa?,Premium: Até 10 Anos,Resiste a Até 5 Lavagens,Impermeabilização Desde 59€,Limpeza + Proteção Desde 89€,"Avaliação Média de 4,9",+160 Avaliações de Clientes,Aplicação ao Domicílio,"Com a proteção, vinho, café ou sumo ficam à superfície e limpam-se com mais facilidade.","Impermeabilização de sofás ao domicílio. Essencial desde 59€, Premium desde 89€.","A Premium protege até 10 anos e resiste a até 5 lavagens. A Essencial, 1 a 2 anos.","Limpeza e proteção na mesma visita, em pack desde 89€. Avaliação média de 4,9."
Kyro | Braga | Limpeza e Proteção de Sofás | Out 2026,,,,,,,Limpeza de Sofás | Barcelos,Enabled,,,,,,,,,,,,,,,,,,,,,,,,,,
Kyro | Braga | Limpeza e Proteção de Sofás | Out 2026,,,,,,,Limpeza de Sofás | Barcelos,,limpeza de sofás barcelos,Expressão,,,,,Enabled,,,,,,,,,,,,,,,,,,,
Kyro | Braga | Limpeza e Proteção de Sofás | Out 2026,,,,,,,Limpeza de Sofás | Barcelos,,limpeza de sofá barcelos,Expressão,,,,,Enabled,,,,,,,,,,,,,,,,,,,
Kyro | Braga | Limpeza e Proteção de Sofás | Out 2026,,,,,,,Limpeza de Sofás | Barcelos,,higienização de sofás barcelos,Expressão,,,,,Enabled,,,,,,,,,,,,,,,,,,,
Kyro | Braga | Limpeza e Proteção de Sofás | Out 2026,,,,,,,Limpeza de Sofás | Barcelos,,lavagem de sofás barcelos,Expressão,,,,,Enabled,,,,,,,,,,,,,,,,,,,
Kyro | Braga | Limpeza e Proteção de Sofás | Out 2026,,,,,,,Limpeza de Sofás | Barcelos,,limpar sofá barcelos,Expressão,,,,,Enabled,,,,,,,,,,,,,,,,,,,
Kyro | Braga | Limpeza e Proteção de Sofás | Out 2026,,,,,,,Limpeza de Sofás | Barcelos,,limpeza de estofos barcelos,Expressão,,,,,Enabled,,,,,,,,,,,,,,,,,,,
Kyro | Braga | Limpeza e Proteção de Sofás | Out 2026,,,,,,,Limpeza de Sofás | Barcelos,,,,Responsive search ad,https://cleansolutions.com.pt/limpeza-sofas-barcelos?ads=1,limpeza-sofas,barcelos,Enabled,Limpeza de Sofás Barcelos,Higienização de Sofás Barcelos,Sofás Limpos em Barcelos,+160 Avaliações de Clientes,"Avaliação Média de 4,9",+1100 Clientes Servidos,Resposta em 5 Minutos,Orçamento Grátis no WhatsApp,Preço Fechado Antes de Marcar,Garantia de Repetição,Limpeza de Sofás ao Domicílio,Secagem Média de 2 a 5 Horas,"Manchas, Pelos e Odores",Limpeza de Estofos Barcelos,Equipa Própria no Norte,Higienização profissional de sofás ao domicílio. Secagem média de 2 a 5 horas.,"Avaliação média de 4,9 em mais de 160 avaliações e mais de 1100 clientes servidos.","Preço fechado antes da marcação, sem surpresas. Orçamento grátis pelo WhatsApp.","Se não ficar satisfeito, avise em 48 horas e repetimos a limpeza sem custos."
Kyro | Braga | Limpeza e Proteção de Sofás | Out 2026,,,,,,,Impermeabilização | Barcelos,Enabled,,,,,,,,,,,,,,,,,,,,,,,,,,
Kyro | Braga | Limpeza e Proteção de Sofás | Out 2026,,,,,,,Impermeabilização | Barcelos,,impermeabilização de sofás barcelos,Expressão,,,,,Enabled,,,,,,,,,,,,,,,,,,,
Kyro | Braga | Limpeza e Proteção de Sofás | Out 2026,,,,,,,Impermeabilização | Barcelos,,impermeabilizar sofá barcelos,Expressão,,,,,Enabled,,,,,,,,,,,,,,,,,,,
Kyro | Braga | Limpeza e Proteção de Sofás | Out 2026,,,,,,,Impermeabilização | Barcelos,,impermeabilização de estofos barcelos,Expressão,,,,,Enabled,,,,,,,,,,,,,,,,,,,
Kyro | Braga | Limpeza e Proteção de Sofás | Out 2026,,,,,,,Impermeabilização | Barcelos,,,,Responsive search ad,https://cleansolutions.com.pt/impermeabilizacao-barcelos?ads=1,protecao-sofas,barcelos,Enabled,Impermeabilização de Sofás,Impermeabilizar Sofá Barcelos,Proteção de Sofás Barcelos,"Vinho, Café e Sumo no Sofá",Derrames Ficam à Superfície,Impermeabilização de Estofos,Proteja Antes da Próxima Nódoa,Crianças e Animais em Casa?,Premium: Até 10 Anos,Resiste a Até 5 Lavagens,Impermeabilização Desde 59€,Limpeza + Proteção Desde 89€,"Avaliação Média de 4,9",+160 Avaliações de Clientes,Aplicação ao Domicílio,"Com a proteção, vinho, café ou sumo ficam à superfície e limpam-se com mais facilidade.","Impermeabilização de sofás ao domicílio. Essencial desde 59€, Premium desde 89€.","A Premium protege até 10 anos e resiste a até 5 lavagens. A Essencial, 1 a 2 anos.","Limpeza e proteção na mesma visita, em pack desde 89€. Avaliação média de 4,9."
