Campaign ID,Campaign,Ad Group,Ad Group Status,Max CPC,Keyword,Criterion Type,Ad type,Final URL,Path 1,Path 2,Status,Headline 1,Headline 2,Headline 3,Headline 4,Headline 5,Headline 6,Headline 7,Headline 8,Headline 9,Headline 10,Headline 11,Headline 12,Headline 13,Headline 14,Headline 15,Description 1,Description 2,Description 3,Description 4
24286916320,Kyro | Porto | Limpeza e Proteção de Sofás | Set 2026,Limpeza de Tapetes,Paused,"1,50",,,,,,,,,,,,,,,,,,,,,,,,,,
24286916320,Kyro | Porto | Limpeza e Proteção de Sofás | Set 2026,Limpeza de Tapetes,,,limpeza de tapetes porto,Expressão,,,,,Enabled,,,,,,,,,,,,,,,,,,,
24286916320,Kyro | Porto | Limpeza e Proteção de Sofás | Set 2026,Limpeza de Tapetes,,,lavagem de tapetes porto,Expressão,,,,,Enabled,,,,,,,,,,,,,,,,,,,
24286916320,Kyro | Porto | Limpeza e Proteção de Sofás | Set 2026,Limpeza de Tapetes,,,lavar tapetes porto,Expressão,,,,,Enabled,,,,,,,,,,,,,,,,,,,
24286916320,Kyro | Porto | Limpeza e Proteção de Sofás | Set 2026,Limpeza de Tapetes,,,limpeza de carpetes porto,Expressão,,,,,Enabled,,,,,,,,,,,,,,,,,,,
24286916320,Kyro | Porto | Limpeza e Proteção de Sofás | Set 2026,Limpeza de Tapetes,,,limpeza de tapetes,Expressão,,,,,Enabled,,,,,,,,,,,,,,,,,,,
24286916320,Kyro | Porto | Limpeza e Proteção de Sofás | Set 2026,Limpeza de Tapetes,,,lavagem de tapetes,Expressão,,,,,Enabled,,,,,,,,,,,,,,,,,,,
24286916320,Kyro | Porto | Limpeza e Proteção de Sofás | Set 2026,Limpeza de Tapetes,,,limpeza de carpetes,Expressão,,,,,Enabled,,,,,,,,,,,,,,,,,,,
24286916320,Kyro | Porto | Limpeza e Proteção de Sofás | Set 2026,Limpeza de Tapetes,,,lavagem de carpetes,Expressão,,,,,Enabled,,,,,,,,,,,,,,,,,,,
24286916320,Kyro | Porto | Limpeza e Proteção de Sofás | Set 2026,Limpeza de Tapetes,,,higienização de tapetes,Expressão,,,,,Enabled,,,,,,,,,,,,,,,,,,,
24286916320,Kyro | Porto | Limpeza e Proteção de Sofás | Set 2026,Limpeza de Tapetes,,,limpeza de tapetes ao domicílio,Expressão,,,,,Enabled,,,,,,,,,,,,,,,,,,,
24286916320,Kyro | Porto | Limpeza e Proteção de Sofás | Set 2026,Limpeza de Tapetes,,,empresa de limpeza de tapetes,Expressão,,,,,Enabled,,,,,,,,,,,,,,,,,,,
24286916320,Kyro | Porto | Limpeza e Proteção de Sofás | Set 2026,Limpeza de Tapetes,,,lavagem de tapetes preço,Expressão,,,,,Enabled,,,,,,,,,,,,,,,,,,,
24286916320,Kyro | Porto | Limpeza e Proteção de Sofás | Set 2026,Limpeza de Tapetes,,,quanto custa lavar um tapete,Expressão,,,,,Enabled,,,,,,,,,,,,,,,,,,,
24286916320,Kyro | Porto | Limpeza e Proteção de Sofás | Set 2026,Limpeza de Tapetes,,,higienização de tapetes porto,Expressão,,,,,Enabled,,,,,,,,,,,,,,,,,,,
24286916320,Kyro | Porto | Limpeza e Proteção de Sofás | Set 2026,Limpeza de Tapetes,,,lavagem de carpetes porto,Expressão,,,,,Enabled,,,,,,,,,,,,,,,,,,,
24286916320,Kyro | Porto | Limpeza e Proteção de Sofás | Set 2026,Limpeza de Tapetes,,,lavagem de tapetes ao domicílio,Expressão,,,,,Enabled,,,,,,,,,,,,,,,,,,,
24286916320,Kyro | Porto | Limpeza e Proteção de Sofás | Set 2026,Limpeza de Tapetes,,,limpeza de tapetes em casa,Expressão,,,,,Enabled,,,,,,,,,,,,,,,,,,,
24286916320,Kyro | Porto | Limpeza e Proteção de Sofás | Set 2026,Limpeza de Tapetes,,,lavandaria de tapetes,Expressão,,,,,Enabled,,,,,,,,,,,,,,,,,,,
24286916320,Kyro | Porto | Limpeza e Proteção de Sofás | Set 2026,Limpeza de Tapetes,,,limpeza de tapetes de lã,Expressão,,,,,Enabled,,,,,,,,,,,,,,,,,,,
24286916320,Kyro | Porto | Limpeza e Proteção de Sofás | Set 2026,Limpeza de Tapetes,,,lavagem de tapetes de lã,Expressão,,,,,Enabled,,,,,,,,,,,,,,,,,,,
24286916320,Kyro | Porto | Limpeza e Proteção de Sofás | Set 2026,Limpeza de Tapetes,,,limpeza de tapetes persas,Expressão,,,,,Enabled,,,,,,,,,,,,,,,,,,,
24286916320,Kyro | Porto | Limpeza e Proteção de Sofás | Set 2026,Limpeza de Tapetes,,,lavagem de tapetes persas,Expressão,,,,,Enabled,,,,,,,,,,,,,,,,,,,
24286916320,Kyro | Porto | Limpeza e Proteção de Sofás | Set 2026,Limpeza de Tapetes,,,recolha de tapetes para lavar,Expressão,,,,,Enabled,,,,,,,,,,,,,,,,,,,
24286916320,Kyro | Porto | Limpeza e Proteção de Sofás | Set 2026,Limpeza de Tapetes,,,,,Responsive search ad,https://cleansolutions.com.pt/limpeza-tapetes-porto?ads=1,tapetes,porto,Enabled,Limpeza de Tapetes {LOCATION(City):Porto},Lavagem de Tapetes {LOCATION(City):Porto},Tapetes Lavados ao Domicílio,Recolha e Entrega se Precisar,Orçamento por Foto no WhatsApp,Resposta em 10 Minutos,Preço Fechado Antes de Marcar,+125 Avaliações de Clientes,"Avaliação Média de 4,9",+1100 Clientes Servidos,"Manchas, Pelos e Odores","Lã, Persas e Sintéticos",Extração Profunda da Fibra,Equipa Própria no Norte,Garantia de Repetição 48h,Lavagem profissional de tapetes ao domicílio. Recolhemos quando o tapete o exige.,Envie foto e medidas pelo WhatsApp e receba o preço fechado antes de marcar.,"Avaliação média de 4,9 em mais de 125 avaliações e mais de 1100 clientes servidos.","Se não ficar satisfeito, avise em 48 horas e repetimos a limpeza sem custos."
24286916320,Kyro | Porto | Limpeza e Proteção de Sofás | Set 2026,Limpeza de Colchões,Paused,"1,50",,,,,,,,,,,,,,,,,,,,,,,,,,
24286916320,Kyro | Porto | Limpeza e Proteção de Sofás | Set 2026,Limpeza de Colchões,,,limpeza de colchões porto,Expressão,,,,,Enabled,,,,,,,,,,,,,,,,,,,
24286916320,Kyro | Porto | Limpeza e Proteção de Sofás | Set 2026,Limpeza de Colchões,,,limpeza de colchão porto,Expressão,,,,,Enabled,,,,,,,,,,,,,,,,,,,
24286916320,Kyro | Porto | Limpeza e Proteção de Sofás | Set 2026,Limpeza de Colchões,,,higienização de colchões porto,Expressão,,,,,Enabled,,,,,,,,,,,,,,,,,,,
24286916320,Kyro | Porto | Limpeza e Proteção de Sofás | Set 2026,Limpeza de Colchões,,,lavagem de colchão porto,Expressão,,,,,Enabled,,,,,,,,,,,,,,,,,,,
24286916320,Kyro | Porto | Limpeza e Proteção de Sofás | Set 2026,Limpeza de Colchões,,,limpeza de colchões,Expressão,,,,,Enabled,,,,,,,,,,,,,,,,,,,
24286916320,Kyro | Porto | Limpeza e Proteção de Sofás | Set 2026,Limpeza de Colchões,,,limpeza de colchão,Expressão,,,,,Enabled,,,,,,,,,,,,,,,,,,,
24286916320,Kyro | Porto | Limpeza e Proteção de Sofás | Set 2026,Limpeza de Colchões,,,higienização de colchões,Expressão,,,,,Enabled,,,,,,,,,,,,,,,,,,,
24286916320,Kyro | Porto | Limpeza e Proteção de Sofás | Set 2026,Limpeza de Colchões,,,higienização de colchão,Expressão,,,,,Enabled,,,,,,,,,,,,,,,,,,,
24286916320,Kyro | Porto | Limpeza e Proteção de Sofás | Set 2026,Limpeza de Colchões,,,lavagem de colchões,Expressão,,,,,Enabled,,,,,,,,,,,,,,,,,,,
24286916320,Kyro | Porto | Limpeza e Proteção de Sofás | Set 2026,Limpeza de Colchões,,,limpeza de colchões ao domicílio,Expressão,,,,,Enabled,,,,,,,,,,,,,,,,,,,
24286916320,Kyro | Porto | Limpeza e Proteção de Sofás | Set 2026,Limpeza de Colchões,,,limpeza de colchão preço,Expressão,,,,,Enabled,,,,,,,,,,,,,,,,,,,
24286916320,Kyro | Porto | Limpeza e Proteção de Sofás | Set 2026,Limpeza de Colchões,,,tratamento anti ácaros colchão,Expressão,,,,,Enabled,,,,,,,,,,,,,,,,,,,
24286916320,Kyro | Porto | Limpeza e Proteção de Sofás | Set 2026,Limpeza de Colchões,,,higienização de colchão porto,Expressão,,,,,Enabled,,,,,,,,,,,,,,,,,,,
24286916320,Kyro | Porto | Limpeza e Proteção de Sofás | Set 2026,Limpeza de Colchões,,,lavagem de colchões porto,Expressão,,,,,Enabled,,,,,,,,,,,,,,,,,,,
24286916320,Kyro | Porto | Limpeza e Proteção de Sofás | Set 2026,Limpeza de Colchões,,,limpeza de colchões em casa,Expressão,,,,,Enabled,,,,,,,,,,,,,,,,,,,
24286916320,Kyro | Porto | Limpeza e Proteção de Sofás | Set 2026,Limpeza de Colchões,,,higienização de colchões ao domicílio,Expressão,,,,,Enabled,,,,,,,,,,,,,,,,,,,
24286916320,Kyro | Porto | Limpeza e Proteção de Sofás | Set 2026,Limpeza de Colchões,,,lavagem de colchão,Expressão,,,,,Enabled,,,,,,,,,,,,,,,,,,,
24286916320,Kyro | Porto | Limpeza e Proteção de Sofás | Set 2026,Limpeza de Colchões,,,desinfeção de colchões,Expressão,,,,,Enabled,,,,,,,,,,,,,,,,,,,
24286916320,Kyro | Porto | Limpeza e Proteção de Sofás | Set 2026,Limpeza de Colchões,,,anti ácaros colchão,Expressão,,,,,Enabled,,,,,,,,,,,,,,,,,,,
24286916320,Kyro | Porto | Limpeza e Proteção de Sofás | Set 2026,Limpeza de Colchões,,,limpeza de colchão de casal,Expressão,,,,,Enabled,,,,,,,,,,,,,,,,,,,
24286916320,Kyro | Porto | Limpeza e Proteção de Sofás | Set 2026,Limpeza de Colchões,,,limpeza de colchão urina,Expressão,,,,,Enabled,,,,,,,,,,,,,,,,,,,
24286916320,Kyro | Porto | Limpeza e Proteção de Sofás | Set 2026,Limpeza de Colchões,,,,,Responsive search ad,https://cleansolutions.com.pt/limpeza-colchoes-porto?ads=1,colchoes,porto,Enabled,Limpeza de Colchões {LOCATION(City):Porto},Higienização de Colchões,Colchões Desde 59€,Manchas de Urina e Suor,Tratamento Anti-Ácaros,Limpeza de Colchões em Casa,Secagem Média de 3 a 6 Horas,Resposta em 10 Minutos,Orçamento Grátis no WhatsApp,Preço Fechado Antes de Marcar,+125 Avaliações de Clientes,"Avaliação Média de 4,9",+1100 Clientes Servidos,Equipa Própria no Norte,Garantia de Repetição 48h,Higienização profissional de colchões ao domicílio. Secagem média de 3 a 6 horas.,Limpeza de colchão desde 59€. Tratamento anti-ácaros acrescentado desde 15€.,"Manchas de urina, suor e marcas amareladas tratadas no local, sem sair de casa.","Avaliação média de 4,9 em mais de 125 avaliações e mais de 1100 clientes servidos."
24275823960,Kyro | Lisboa | Limpeza e Proteção de Sofás | Set 2026,Limpeza de Tapetes,Paused,"1,50",,,,,,,,,,,,,,,,,,,,,,,,,,
24275823960,Kyro | Lisboa | Limpeza e Proteção de Sofás | Set 2026,Limpeza de Tapetes,,,limpeza de tapetes lisboa,Expressão,,,,,Enabled,,,,,,,,,,,,,,,,,,,
24275823960,Kyro | Lisboa | Limpeza e Proteção de Sofás | Set 2026,Limpeza de Tapetes,,,lavagem de tapetes lisboa,Expressão,,,,,Enabled,,,,,,,,,,,,,,,,,,,
24275823960,Kyro | Lisboa | Limpeza e Proteção de Sofás | Set 2026,Limpeza de Tapetes,,,lavar tapetes lisboa,Expressão,,,,,Enabled,,,,,,,,,,,,,,,,,,,
24275823960,Kyro | Lisboa | Limpeza e Proteção de Sofás | Set 2026,Limpeza de Tapetes,,,limpeza de carpetes lisboa,Expressão,,,,,Enabled,,,,,,,,,,,,,,,,,,,
24275823960,Kyro | Lisboa | Limpeza e Proteção de Sofás | Set 2026,Limpeza de Tapetes,,,limpeza de tapetes,Expressão,,,,,Enabled,,,,,,,,,,,,,,,,,,,
24275823960,Kyro | Lisboa | Limpeza e Proteção de Sofás | Set 2026,Limpeza de Tapetes,,,lavagem de tapetes,Expressão,,,,,Enabled,,,,,,,,,,,,,,,,,,,
24275823960,Kyro | Lisboa | Limpeza e Proteção de Sofás | Set 2026,Limpeza de Tapetes,,,limpeza de carpetes,Expressão,,,,,Enabled,,,,,,,,,,,,,,,,,,,
24275823960,Kyro | Lisboa | Limpeza e Proteção de Sofás | Set 2026,Limpeza de Tapetes,,,lavagem de carpetes,Expressão,,,,,Enabled,,,,,,,,,,,,,,,,,,,
24275823960,Kyro | Lisboa | Limpeza e Proteção de Sofás | Set 2026,Limpeza de Tapetes,,,higienização de tapetes,Expressão,,,,,Enabled,,,,,,,,,,,,,,,,,,,
24275823960,Kyro | Lisboa | Limpeza e Proteção de Sofás | Set 2026,Limpeza de Tapetes,,,limpeza de tapetes ao domicílio,Expressão,,,,,Enabled,,,,,,,,,,,,,,,,,,,
24275823960,Kyro | Lisboa | Limpeza e Proteção de Sofás | Set 2026,Limpeza de Tapetes,,,empresa de limpeza de tapetes,Expressão,,,,,Enabled,,,,,,,,,,,,,,,,,,,
24275823960,Kyro | Lisboa | Limpeza e Proteção de Sofás | Set 2026,Limpeza de Tapetes,,,lavagem de tapetes preço,Expressão,,,,,Enabled,,,,,,,,,,,,,,,,,,,
24275823960,Kyro | Lisboa | Limpeza e Proteção de Sofás | Set 2026,Limpeza de Tapetes,,,quanto custa lavar um tapete,Expressão,,,,,Enabled,,,,,,,,,,,,,,,,,,,
24275823960,Kyro | Lisboa | Limpeza e Proteção de Sofás | Set 2026,Limpeza de Tapetes,,,higienização de tapetes lisboa,Expressão,,,,,Enabled,,,,,,,,,,,,,,,,,,,
24275823960,Kyro | Lisboa | Limpeza e Proteção de Sofás | Set 2026,Limpeza de Tapetes,,,lavagem de carpetes lisboa,Expressão,,,,,Enabled,,,,,,,,,,,,,,,,,,,
24275823960,Kyro | Lisboa | Limpeza e Proteção de Sofás | Set 2026,Limpeza de Tapetes,,,lavagem de tapetes ao domicílio,Expressão,,,,,Enabled,,,,,,,,,,,,,,,,,,,
24275823960,Kyro | Lisboa | Limpeza e Proteção de Sofás | Set 2026,Limpeza de Tapetes,,,limpeza de tapetes em casa,Expressão,,,,,Enabled,,,,,,,,,,,,,,,,,,,
24275823960,Kyro | Lisboa | Limpeza e Proteção de Sofás | Set 2026,Limpeza de Tapetes,,,lavandaria de tapetes,Expressão,,,,,Enabled,,,,,,,,,,,,,,,,,,,
24275823960,Kyro | Lisboa | Limpeza e Proteção de Sofás | Set 2026,Limpeza de Tapetes,,,limpeza de tapetes de lã,Expressão,,,,,Enabled,,,,,,,,,,,,,,,,,,,
24275823960,Kyro | Lisboa | Limpeza e Proteção de Sofás | Set 2026,Limpeza de Tapetes,,,lavagem de tapetes de lã,Expressão,,,,,Enabled,,,,,,,,,,,,,,,,,,,
24275823960,Kyro | Lisboa | Limpeza e Proteção de Sofás | Set 2026,Limpeza de Tapetes,,,limpeza de tapetes persas,Expressão,,,,,Enabled,,,,,,,,,,,,,,,,,,,
24275823960,Kyro | Lisboa | Limpeza e Proteção de Sofás | Set 2026,Limpeza de Tapetes,,,lavagem de tapetes persas,Expressão,,,,,Enabled,,,,,,,,,,,,,,,,,,,
24275823960,Kyro | Lisboa | Limpeza e Proteção de Sofás | Set 2026,Limpeza de Tapetes,,,recolha de tapetes para lavar,Expressão,,,,,Enabled,,,,,,,,,,,,,,,,,,,
24275823960,Kyro | Lisboa | Limpeza e Proteção de Sofás | Set 2026,Limpeza de Tapetes,,,,,Responsive search ad,https://cleansolutions.com.pt/limpeza-tapetes-lisboa?ads=1,tapetes,lisboa,Enabled,Limpeza de Tapetes {LOCATION(City):Lisboa},Lavagem de Tapetes {LOCATION(City):Lisboa},Tapetes Lavados ao Domicílio,Recolha e Entrega se Precisar,Orçamento por Foto no WhatsApp,Resposta em 10 Minutos,Preço Fechado Antes de Marcar,+125 Avaliações de Clientes,"Avaliação Média de 4,9",+1100 Clientes Servidos,"Manchas, Pelos e Odores","Lã, Persas e Sintéticos",Extração Profunda da Fibra,Equipa Própria em Lisboa,Garantia de Repetição 48h,Lavagem profissional de tapetes ao domicílio. Recolhemos quando o tapete o exige.,Envie foto e medidas pelo WhatsApp e receba o preço fechado antes de marcar.,"Avaliação média de 4,9 em mais de 125 avaliações e mais de 1100 clientes servidos.","Se não ficar satisfeito, avise em 48 horas e repetimos a limpeza sem custos."
24275823960,Kyro | Lisboa | Limpeza e Proteção de Sofás | Set 2026,Limpeza de Colchões,Paused,"1,50",,,,,,,,,,,,,,,,,,,,,,,,,,
24275823960,Kyro | Lisboa | Limpeza e Proteção de Sofás | Set 2026,Limpeza de Colchões,,,limpeza de colchões lisboa,Expressão,,,,,Enabled,,,,,,,,,,,,,,,,,,,
24275823960,Kyro | Lisboa | Limpeza e Proteção de Sofás | Set 2026,Limpeza de Colchões,,,limpeza de colchão lisboa,Expressão,,,,,Enabled,,,,,,,,,,,,,,,,,,,
24275823960,Kyro | Lisboa | Limpeza e Proteção de Sofás | Set 2026,Limpeza de Colchões,,,higienização de colchões lisboa,Expressão,,,,,Enabled,,,,,,,,,,,,,,,,,,,
24275823960,Kyro | Lisboa | Limpeza e Proteção de Sofás | Set 2026,Limpeza de Colchões,,,lavagem de colchão lisboa,Expressão,,,,,Enabled,,,,,,,,,,,,,,,,,,,
24275823960,Kyro | Lisboa | Limpeza e Proteção de Sofás | Set 2026,Limpeza de Colchões,,,limpeza de colchões,Expressão,,,,,Enabled,,,,,,,,,,,,,,,,,,,
24275823960,Kyro | Lisboa | Limpeza e Proteção de Sofás | Set 2026,Limpeza de Colchões,,,limpeza de colchão,Expressão,,,,,Enabled,,,,,,,,,,,,,,,,,,,
24275823960,Kyro | Lisboa | Limpeza e Proteção de Sofás | Set 2026,Limpeza de Colchões,,,higienização de colchões,Expressão,,,,,Enabled,,,,,,,,,,,,,,,,,,,
24275823960,Kyro | Lisboa | Limpeza e Proteção de Sofás | Set 2026,Limpeza de Colchões,,,higienização de colchão,Expressão,,,,,Enabled,,,,,,,,,,,,,,,,,,,
24275823960,Kyro | Lisboa | Limpeza e Proteção de Sofás | Set 2026,Limpeza de Colchões,,,lavagem de colchões,Expressão,,,,,Enabled,,,,,,,,,,,,,,,,,,,
24275823960,Kyro | Lisboa | Limpeza e Proteção de Sofás | Set 2026,Limpeza de Colchões,,,limpeza de colchões ao domicílio,Expressão,,,,,Enabled,,,,,,,,,,,,,,,,,,,
24275823960,Kyro | Lisboa | Limpeza e Proteção de Sofás | Set 2026,Limpeza de Colchões,,,limpeza de colchão preço,Expressão,,,,,Enabled,,,,,,,,,,,,,,,,,,,
24275823960,Kyro | Lisboa | Limpeza e Proteção de Sofás | Set 2026,Limpeza de Colchões,,,tratamento anti ácaros colchão,Expressão,,,,,Enabled,,,,,,,,,,,,,,,,,,,
24275823960,Kyro | Lisboa | Limpeza e Proteção de Sofás | Set 2026,Limpeza de Colchões,,,higienização de colchão lisboa,Expressão,,,,,Enabled,,,,,,,,,,,,,,,,,,,
24275823960,Kyro | Lisboa | Limpeza e Proteção de Sofás | Set 2026,Limpeza de Colchões,,,lavagem de colchões lisboa,Expressão,,,,,Enabled,,,,,,,,,,,,,,,,,,,
24275823960,Kyro | Lisboa | Limpeza e Proteção de Sofás | Set 2026,Limpeza de Colchões,,,limpeza de colchões em casa,Expressão,,,,,Enabled,,,,,,,,,,,,,,,,,,,
24275823960,Kyro | Lisboa | Limpeza e Proteção de Sofás | Set 2026,Limpeza de Colchões,,,higienização de colchões ao domicílio,Expressão,,,,,Enabled,,,,,,,,,,,,,,,,,,,
24275823960,Kyro | Lisboa | Limpeza e Proteção de Sofás | Set 2026,Limpeza de Colchões,,,lavagem de colchão,Expressão,,,,,Enabled,,,,,,,,,,,,,,,,,,,
24275823960,Kyro | Lisboa | Limpeza e Proteção de Sofás | Set 2026,Limpeza de Colchões,,,desinfeção de colchões,Expressão,,,,,Enabled,,,,,,,,,,,,,,,,,,,
24275823960,Kyro | Lisboa | Limpeza e Proteção de Sofás | Set 2026,Limpeza de Colchões,,,anti ácaros colchão,Expressão,,,,,Enabled,,,,,,,,,,,,,,,,,,,
24275823960,Kyro | Lisboa | Limpeza e Proteção de Sofás | Set 2026,Limpeza de Colchões,,,limpeza de colchão de casal,Expressão,,,,,Enabled,,,,,,,,,,,,,,,,,,,
24275823960,Kyro | Lisboa | Limpeza e Proteção de Sofás | Set 2026,Limpeza de Colchões,,,limpeza de colchão urina,Expressão,,,,,Enabled,,,,,,,,,,,,,,,,,,,
24275823960,Kyro | Lisboa | Limpeza e Proteção de Sofás | Set 2026,Limpeza de Colchões,,,,,Responsive search ad,https://cleansolutions.com.pt/limpeza-colchoes-lisboa?ads=1,colchoes,lisboa,Enabled,Limpeza de Colchões {LOCATION(City):Lisboa},Higienização de Colchões,Colchões Desde 59€,Manchas de Urina e Suor,Tratamento Anti-Ácaros,Limpeza de Colchões em Casa,Secagem Média de 3 a 6 Horas,Resposta em 10 Minutos,Orçamento Grátis no WhatsApp,Preço Fechado Antes de Marcar,+125 Avaliações de Clientes,"Avaliação Média de 4,9",+1100 Clientes Servidos,Equipa Própria em Lisboa,Garantia de Repetição 48h,Higienização profissional de colchões ao domicílio. Secagem média de 3 a 6 horas.,Limpeza de colchão desde 59€. Tratamento anti-ácaros acrescentado desde 15€.,"Manchas de urina, suor e marcas amareladas tratadas no local, sem sair de casa.","Avaliação média de 4,9 em mais de 125 avaliações e mais de 1100 clientes servidos."
